peak_id,rt,mz,intensity,homologue_id,within_series_id
28157,11.8493,869.14821,11870,188,1
28486,11.9815,898.16897,16930,188,2
28832,12.1478,927.18996,20900,188,3
29145,12.3106,956.21109,27520,188,4
29522,12.479,985.23223,29250,188,5
29874,12.666,1014.25275,35460,188,6
30312,12.8694,1043.27335,38540,188,7
30818,13.0793,1072.29599,33020,188,8
31411,13.34,1101.31617,32650,188,9
27624,11.7073,839.62597,89890,187,1
28154,11.8399,868.64642,12890,187,2
28480,11.987,897.66713,18350,187,3
28836,12.1407,926.68761,18540,187,4
29106,12.3067,955.70716,11930,187,5
29555,12.4853,984.72991,29720,187,6
29885,12.6717,1013.75121,29330,187,7
30315,12.8496,1042.77212,9950,187,8
25017,10.894,704.19292,25530,186,1
25715,11.1011,778.21133,37300,186,2
26640,11.3492,852.23005,30880,186,3
27810,11.7094,926.24883,11900,186,4
28921,12.2033,1000.26662,6600,186,5
14553,6.9567,681.08733,22470,185,1
14688,7.0544,710.43815,28030,185,2
14752,7.1384,739.78901,31810,185,3
14832,7.2171,769.13979,25000,185,4
14911,7.2934,798.49074,15210,185,5
26881,11.4,672.52615,204200,184,1
27188,11.4952,716.55171,122800,184,2
27536,11.6145,760.57814,73700,184,3
27956,11.7627,804.60475,38300,184,4
28386,11.9197,848.63067,22670,184,5
14523,6.9178,666.41225,13750,183,1
14627,7.0041,695.76277,29340,183,2
14715,7.0949,725.11351,30050,183,3
14780,7.1775,754.46419,25140,183,4
14873,7.2553,783.8153,15230,183,5
29568,12.4776,662.83252,16770,182,1
29875,12.6753,682.17947,29390,182,2
30379,12.8818,701.52667,44230,182,3
30906,13.1102,720.87406,56620,182,4
31386,13.342,740.22161,80830,182,5
32117,13.5962,759.56942,82360,182,6
14024,6.4506,651.90039,64290,181,1
14098,6.5267,673.9134,46250,181,2
14165,6.5917,695.92654,52200,181,3
14221,6.6629,717.93972,38520,181,4
14293,6.7409,739.95276,30190,181,5
14436,6.8609,651.40184,26270,180,1
14626,7.0063,695.42803,47900,180,2
14748,7.1348,739.4546,55260,180,3
14875,7.2575,783.48117,32250,180,4
14949,7.3654,827.50788,9148,180,5
14398,6.8208,636.72695,32210,179,1
14560,6.9597,680.75296,44260,179,2
14719,7.0955,724.77924,50750,179,3
14833,7.2173,768.80555,35820,179,4
14933,7.3324,812.83191,13310,179,5
14390,6.7998,636.39464,40400,178,1
14439,6.867,651.06793,32530,178,2
14519,6.914,665.74302,39400,178,3
14558,6.9608,680.41829,44540,178,4
14630,7.0038,695.0939,50920,178,5
14687,7.048,709.76948,51390,178,6
25536,11.0267,632.18933,29350,177,1
26410,11.2702,706.20883,98880,177,2
27516,11.6078,780.2284,139400,177,3
28668,12.0649,854.2477,144600,177,4
29905,12.6787,928.26693,140000,177,5
31808,13.5082,1002.28625,123800,177,6
35168,14.6299,1076.30586,62300,177,7
24229,10.7391,629.19521,6180,176,1
25368,11.0114,703.21403,11340,176,2
26651,11.3447,777.23294,17940,176,3
28120,11.8308,851.252,10710,176,4
29599,12.554,925.27061,9224,176,5
31536,13.4451,999.28976,344500,176,6
24252,10.729,628.19488,23150,175,1
25109,10.964,702.21355,28350,175,2
26356,11.2716,776.23234,23670,175,3
27370,11.5709,850.25121,9711,175,4
28258,11.8793,924.26977,3229,175,5
14346,6.7703,622.05153,10380,174,1
14522,6.9124,666.07716,40270,174,2
14684,7.0473,710.10377,52090,174,3
14784,7.177,754.1297,46050,174,4
14910,7.2932,798.15677,19640,174,5
14979,7.4026,842.18321,6122,174,6
13961,6.3712,609.34906,15390,173,1
14027,6.4513,631.36229,19510,173,2
14121,6.5295,653.37527,25150,173,3
14180,6.5985,675.38835,22010,173,4
14235,6.6697,697.40131,21970,173,5
13975,6.3779,608.37802,14570,172,1
14049,6.4588,630.38983,20140,172,2
14113,6.5295,652.4028,17880,172,3
14189,6.5998,674.4152,18510,172,4
14243,6.6715,696.42855,20050,172,5
14313,6.7348,718.44136,18360,172,6
13001,5.159,595.37324,19290,171,1
13102,5.3198,639.39941,42880,171,2
13167,5.4651,683.42553,65410,171,3
13258,5.6041,727.4517,77900,171,4
13351,5.7314,771.47796,64940,171,5
13449,5.8513,815.50408,41550,171,6
13577,5.9686,859.53048,19510,171,7
13814,6.2064,564.82122,20870,170,1
13966,6.3736,608.84749,41200,170,2
14119,6.5275,652.87355,40300,170,3
14245,6.6728,696.89969,31100,170,4
14392,6.7952,740.92587,13300,170,5
12991,5.1498,562.33363,16700,169,1
13108,5.3285,606.35992,26550,169,2
13195,5.4897,650.38603,39700,169,3
13278,5.6389,694.41218,36480,169,4
13391,5.776,738.43853,27230,169,5
13509,5.9075,782.46485,20590,169,6
13650,6.0276,826.4914,10060,169,7
24850,10.8357,557.17276,31700,168,1
25523,11.0254,631.19197,105800,168,2
26408,11.2694,705.2111,268600,168,3
27498,11.6074,779.23024,338400,168,4
28665,12.0648,853.24947,324600,168,5
29910,12.68,927.26842,289600,168,6
31814,13.5104,1001.28764,242100,168,7
35172,14.6339,1075.30699,112500,168,8
13719,6.118,554.34612,10890,167,1
13822,6.2079,576.35924,17080,167,2
13900,6.2963,598.37227,21430,167,3
13973,6.377,620.38552,27590,167,4
14047,6.454,642.39864,20600,167,5
14129,6.5302,664.41227,19450,167,6
14195,6.6032,686.42608,13970,167,7
14246,6.6709,708.43932,16360,167,8
23395,10.6051,554.17609,8448,166,1
24660,10.8003,628.19492,39430,166,2
25512,11.0837,702.21355,22590,166,3
26949,11.4687,776.23238,33630,166,4
28315,11.9519,850.25127,22940,166,5
29625,12.5406,924.27013,14640,166,6
13707,6.1428,553.83024,50160,165,1
13887,6.2843,597.85645,51950,165,2
14001,6.4402,641.88258,93050,165,3
14159,6.5807,685.90874,51850,165,4
14300,6.7296,729.93482,47300,165,5
13710,6.1189,542.80818,16600,164,1
13911,6.2967,586.83425,31950,164,2
14034,6.4508,630.86042,41790,164,3
14186,6.6011,674.88655,39530,164,4
14314,6.7362,718.91278,23630,164,5
13748,6.1219,541.83741,32610,163,1
13841,6.215,563.84959,42290,163,2
13908,6.2978,585.86211,57480,163,3
13972,6.3775,607.87509,71230,163,4
14042,6.4528,629.88783,91760,163,5
14127,6.5299,651.90082,95050,163,6
14184,6.6011,673.91371,119900,163,7
14241,6.6697,695.92673,94860,163,8
14320,6.7362,717.93975,102400,163,9
14366,6.8006,739.95301,81650,163,10
14348,6.861,761.96616,31340,163,11
13618,6.0324,541.33349,17690,162,1
13804,6.2049,585.35965,48540,162,2
13947,6.3726,629.38593,166200,162,3
14094,6.5143,673.412,121700,162,4
14223,6.6506,717.43822,98680,162,5
26068,11.1793,538.14477,13570,161,1
27088,11.4638,612.16369,138000,161,2
28099,11.873,686.18249,456000,161,3
29437,12.4291,760.201,502100,161,4
31043,13.1819,834.21824,414100,161,5
33815,14.2485,908.23845,351600,161,6
13712,6.1145,532.82073,14810,160,1
13825,6.2077,554.83382,22400,160,2
13910,6.2962,576.84681,29340,160,3
13971,6.3761,598.85986,35000,160,4
14038,6.4518,620.87287,38590,160,5
14120,6.5298,642.88575,38200,160,6
14179,6.5976,664.89887,42330,160,7
14239,6.6701,686.9118,35050,160,8
14322,6.7355,708.92478,26970,160,9
14388,6.8016,730.93777,13310,160,10
13636,6.0269,519.32104,42020,159,1
13715,6.1369,563.34646,73660,159,2
13885,6.2842,607.37287,72200,159,3
14006,6.4374,651.39893,109700,159,4
14162,6.5953,695.42509,242300,159,5
13522,5.9469,518.81902,86610,158,1
13630,6.03,540.83213,84220,158,2
13708,6.1109,562.84522,106900,158,3
13802,6.1982,584.85831,160200,158,4
13880,6.283,606.87148,227000,158,5
13946,6.3677,628.8845,245500,158,6
14004,6.4369,650.89753,289300,158,7
12969,5.1176,516.30184,18370,157,1
13094,5.3113,560.32794,24990,157,2
13189,5.4848,604.35407,39810,157,3
13287,5.6442,648.38022,40830,157,4
13410,5.7911,692.40635,27920,157,5
13534,5.9253,736.43269,17440,157,6
26659,11.3487,511.43987,14450,156,1
26868,11.4003,555.46612,17870,156,2
27129,11.4684,599.49218,16460,156,3
27376,11.5496,643.5185,12690,156,4
27635,11.653,687.54503,10200,156,5
30776,13.0513,510.48821,11220,155,1
31351,13.3131,524.50375,29040,155,2
31909,13.6315,538.51964,46610,155,3
33216,14.0128,552.53533,18140,155,4
34546,14.4474,566.55078,62610,155,5
26650,11.3467,510.4363,60280,154,1
26865,11.3988,554.46282,65210,154,2
27098,11.4672,598.48908,55680,154,3
27336,11.549,642.51536,42820,154,4
27630,11.6433,686.54123,28390,154,5
27993,11.7617,730.56744,21140,154,6
28368,11.9115,774.59362,13190,154,7
28751,12.0979,818.61981,8083,154,8
12718,4.8007,506.31741,11430,153,1
12881,4.9851,550.34365,41140,153,2
13002,5.1573,594.36979,82380,153,3
13098,5.3169,638.39597,158900,153,4
13168,5.4651,682.42204,216400,153,5
13257,5.6027,726.44826,245500,153,6
13354,5.7316,770.47452,179100,153,7
13461,5.8525,814.50077,111300,153,8
13572,5.9675,858.52708,54060,153,9
13676,6.0746,902.5532,27740,153,10
13785,6.1686,946.57981,14790,153,11
12675,4.7395,500.3068,22180,152,1
12852,4.9583,544.33304,38320,152,2
12997,5.154,588.35922,38390,152,3
13111,5.3299,632.38542,41640,152,4
13196,5.4906,676.41146,36660,152,5
13280,5.6403,720.4377,30610,152,6
13405,5.7779,764.46383,17640,152,7
13537,5.9399,497.31022,27180,151,1
13656,6.0308,519.32191,57930,151,2
13727,6.1209,541.33418,128600,151,3
13826,6.2106,563.34697,151000,151,4
13906,6.2958,585.35996,226000,151,5
13968,6.3764,607.37309,250200,151,6
14045,6.455,629.3861,343100,151,7
14125,6.5299,651.3991,317000,151,8
14185,6.6017,673.41212,375000,151,9
14240,6.6695,695.42517,373100,151,10
14321,6.7366,717.43828,244900,151,11
14368,6.8011,739.45136,250400,151,12
14431,6.8622,761.4644,149300,151,13
14531,6.9209,783.47749,102600,151,14
14581,6.9718,805.49067,36980,151,15
13415,5.8258,496.30419,41810,150,1
13519,5.9134,518.31732,62770,150,2
13627,6.0127,540.3304,135100,150,3
13704,6.1041,562.34352,194700,150,4
13807,6.1994,584.3566,237200,150,5
14304,6.7536,492.96917,37610,149,1
14445,6.8669,507.64449,83280,149,2
14538,6.9241,522.32003,48750,149,3
14504,6.9791,536.99543,75990,149,4
14568,7.0341,551.67075,34960,149,5
14717,7.0919,566.3461,33740,149,6
14699,7.1295,581.02141,17910,149,7
13531,5.9197,488.29272,18760,148,1
13637,6.0271,510.30572,37400,148,2
13716,6.116,532.31891,48490,148,3
13818,6.2078,554.33201,72550,148,4
13812,6.2959,576.34509,89390,148,5
13962,6.3727,598.35818,115800,148,6
14043,6.4537,620.37126,130600,148,7
14118,6.5284,642.38426,129700,148,8
14187,6.6018,664.3973,124300,148,9
14242,6.6701,686.41018,103600,148,10
14318,6.7361,708.4232,78460,148,11
14301,6.7973,730.43625,46920,148,12
14361,6.7991,486.95918,27730,147,1
14428,6.8615,501.63436,26320,147,2
14537,6.9221,516.30987,21510,147,3
14622,6.9786,530.98492,17070,147,4
14658,7.0346,545.6608,17440,147,5
14331,6.7422,484.63807,16670,146,1
14433,6.8643,513.98877,46110,146,2
14596,6.9824,543.33932,38480,146,3
14713,7.0874,572.69025,47130,146,4
14728,7.1886,602.04124,25130,146,5
14213,6.6787,484.30271,75630,145,1
14434,6.8645,513.65433,157600,145,2
14591,6.9804,543.00513,180900,145,3
14718,7.092,572.35603,135500,145,4
14801,7.1972,601.70696,60450,145,5
14830,7.2719,631.05772,24520,145,6
24059,10.6681,482.1536,19350,144,1
24840,10.8357,556.17243,93950,144,2
25522,11.0254,630.19175,283100,144,3
26407,11.2694,704.21111,650600,144,4
27515,11.6078,778.23045,722800,144,5
28667,12.0648,852.24968,633200,144,6
29912,12.68,926.26875,512500,144,7
31822,13.5116,1000.28794,408400,144,8
35163,14.6324,1074.30709,179300,144,9
22224,10.4256,481.35251,347100,143,1
23679,10.5495,509.38392,467400,143,2
24136,10.679,537.41534,193800,143,3
24642,10.8088,565.44644,25560,143,4
25619,11.012,593.4777,99020,143,5
24060,10.6682,481.15694,30670,142,1
24847,10.8361,555.17621,162100,142,2
25529,11.0259,629.19521,438700,142,3
26406,11.2694,703.21402,907300,142,4
27514,11.6078,777.23287,984900,142,5
28670,12.0652,851.25183,806300,142,6
29911,12.68,925.27066,624200,142,7
31817,13.5108,999.28969,463700,142,8
35169,14.6323,1073.30858,190100,142,9
24068,10.6682,480.15731,105300,141,1
24839,10.8357,554.17603,414100,141,2
25526,11.0255,628.19478,856100,141,3
26405,11.2694,702.21349,1448000,141,4
27513,11.6078,776.23227,1379000,141,5
28666,12.0648,850.25116,1032000,141,6
29906,12.6787,924.27004,729500,141,7
31828,13.512,998.28896,499000,141,8
35166,14.6323,1072.30791,190000,141,9
13524,5.9211,479.27765,16200,140,1
13635,6.0224,501.29074,24060,140,2
13722,6.1201,523.30378,28310,140,3
13813,6.2077,545.31699,35430,140,4
13896,6.2906,567.32989,34540,140,5
13960,6.3717,589.34314,34730,140,6
14035,6.4547,611.35621,29060,140,7
14115,6.5276,633.36926,32610,140,8
14178,6.5986,655.38236,24250,140,9
14236,6.6631,677.39539,23330,140,10
12685,4.7423,477.23097,14500,139,1
12854,4.9588,521.25715,26120,139,2
12994,5.1534,565.28336,26880,139,3
13112,5.33,609.3095,28630,139,4
13197,5.4906,653.33558,25440,139,5
13279,5.639,697.3618,19050,139,6
12671,4.736,473.27893,17010,138,1
12850,4.9564,517.30525,51130,138,2
12990,5.15,561.33138,103100,138,3
13107,5.3275,605.3576,154900,138,4
13193,5.4887,649.38365,194100,138,5
13275,5.6369,693.40981,184000,138,6
13394,5.7765,737.43601,130000,138,7
13508,5.9074,781.46227,88980,138,8
13640,6.0283,825.48862,48220,138,9
13762,6.1438,869.5149,24870,138,10
20220,10.1149,470.34771,49660,137,1
22136,10.3124,498.37904,107900,137,2
21985,10.454,526.41051,98290,137,3
23501,10.5821,554.44173,189000,137,4
24018,10.6598,582.47314,58960,137,5
14251,6.6798,469.62837,25510,136,1
14387,6.8057,498.97901,133800,136,2
14540,6.9254,528.32972,179400,136,3
14675,7.033,557.6806,157900,136,4
14756,7.1443,587.03147,67170,136,5
14869,7.2389,616.38237,28400,136,6
18714,9.7256,469.31615,42710,135,1
19523,9.9266,495.33172,80740,135,2
19595,10.0354,521.34594,124300,135,3
20159,10.1235,547.36078,693900,135,4
20584,10.1709,573.3765,90180,135,5
14250,6.6767,469.2939,96080,134,1
14385,6.8054,498.64468,338100,134,2
14533,6.9226,527.99538,431500,134,3
14669,7.0355,557.34632,234000,134,4
14754,7.1435,586.69716,166700,134,5
14860,7.2364,616.048,74220,134,6
14887,7.312,645.39884,31570,134,7
14176,6.6165,468.95945,71800,133,1
14354,6.7864,512.98561,227200,133,2
14561,6.9627,557.01172,168100,133,3
14736,7.125,601.03813,108200,133,4
14888,7.3157,645.06437,33920,133,5
14249,6.6737,463.28386,23860,132,1
14229,6.7413,477.9593,55640,132,2
14376,6.8038,492.63473,96530,132,3
14438,6.8655,507.31014,118900,132,4
14535,6.9227,521.9855,83290,132,5
14491,6.9813,536.66098,93310,132,6
14670,7.036,551.33634,51790,132,7
14714,7.0917,566.01171,42210,132,8
14697,7.1259,580.68713,20550,132,9
12678,4.7419,455.24894,29630,131,1
12855,4.9597,499.27518,49880,131,2
12993,5.1525,543.30143,52790,131,3
13113,5.3299,587.32759,54760,131,4
13192,5.4892,631.35369,49360,131,5
13277,5.6384,675.3798,31580,131,6
13395,5.7778,719.40592,16590,131,7
14198,6.6104,454.61849,23030,130,1
14330,6.7441,483.96929,191300,130,2
14441,6.8659,513.31999,376000,130,3
14598,6.9833,542.67084,388000,130,4
14716,7.0917,572.02173,249400,130,5
14797,7.1943,601.37263,77930,130,6
14904,7.282,630.7234,34840,130,7
14970,7.3473,660.07426,8081,130,8
14194,6.6096,454.28404,41280,129,1
14247,6.6747,468.95943,138700,129,2
14328,6.7423,483.63483,288000,129,3
14383,6.8049,498.31013,396300,129,4
14446,6.8673,512.98556,506800,129,5
14539,6.924,527.66093,509600,129,6
14595,6.9818,542.33637,345900,129,7
14674,7.0374,557.01182,374700,129,8
14712,7.0897,571.68726,290900,129,9
14757,7.1445,586.36269,210500,129,10
13309,5.7003,452.77968,17420,128,1
13421,5.8212,474.79282,54260,128,2
13536,5.9283,496.8059,111200,128,3
13634,6.0222,518.81901,220500,128,4
13720,6.1179,540.83214,278200,128,5
13817,6.2077,562.84522,388200,128,6
13905,6.2949,584.85827,489700,128,7
13970,6.3765,606.87143,649900,128,8
14046,6.4555,628.88446,798400,128,9
14123,6.5294,650.89751,870000,128,10
14182,6.5999,672.9106,817100,128,11
14237,6.6691,694.9236,676200,128,12
14319,6.7401,716.93676,751700,128,13
14367,6.8011,738.94987,526600,128,14
14430,6.8618,760.96289,330300,128,15
14528,6.92,782.97595,212000,128,16
14589,6.98,804.98926,113500,128,17
14580,7.0313,827.00246,51790,128,18
14710,7.0718,849.01589,32910,128,19
24275,10.7133,452.39469,51080,127,1
25397,10.9935,496.4209,676500,127,2
26186,11.1432,540.44719,276300,127,3
26402,11.2261,584.47339,280300,127,4
26602,11.2907,628.49972,254100,127,5
13338,5.7108,452.27794,61010,126,1
13533,5.9272,496.30419,243000,126,2
13725,6.1199,540.33043,548000,126,3
13903,6.2934,584.35654,1002000,126,4
14039,6.4528,628.38274,1174000,126,5
14183,6.6008,672.40888,1203000,126,6
14317,6.7361,716.43499,1017000,126,7
14429,6.8608,760.46121,376600,126,8
14597,6.9828,804.48754,148900,126,9
14634,7.0769,848.51434,40060,126,10
20357,10.1315,449.28764,595400,125,1
21813,10.3281,477.31925,320200,125,2
22957,10.4965,505.35095,710100,125,3
23790,10.579,533.38326,134700,125,4
23916,10.6146,561.41496,34280,125,5
12781,4.8688,447.26198,82020,124,1
12929,5.0637,491.28951,65960,124,2
13064,5.2574,535.31561,48120,124,3
13155,5.4302,579.3418,29740,124,4
13252,5.5878,623.36805,17090,124,5
20878,10.2006,444.33207,34860,123,1
21821,10.3216,472.36338,32700,123,2
22547,10.4483,500.39474,74470,123,3
24358,10.6412,528.42615,130400,123,4
25210,10.9111,556.45735,8814,123,5
13312,5.7117,443.76461,16050,122,1
13422,5.8229,465.77786,32690,122,2
13532,5.9259,487.7909,62640,122,3
13632,6.0202,509.80401,92710,122,4
13717,6.1166,531.81719,133000,122,5
13820,6.2087,553.83024,153900,122,6
13901,6.293,575.84333,166100,122,7
13965,6.3745,597.85643,178300,122,8
14040,6.4528,619.86953,228400,122,9
14117,6.528,641.88261,201300,122,10
14181,6.5989,663.89567,202700,122,11
14238,6.6692,685.90871,148600,122,12
14316,6.736,707.9218,112700,122,13
14365,6.7999,729.93482,92470,122,14
14437,6.8654,751.94796,33870,122,15
14454,6.9118,773.96136,17070,122,16
12756,4.8275,438.23919,47130,121,1
12910,5.0388,482.26548,70640,121,2
13035,5.2295,526.29155,73400,121,3
13148,5.4042,570.31785,44940,121,4
13235,5.5666,614.34421,34010,121,5
20305,10.204,437.32625,232400,120,1
22376,10.4132,465.35758,383600,120,2
23519,10.5773,493.38903,295600,120,3
24418,10.7465,521.42043,317000,120,4
24792,10.831,549.45165,31990,120,5
26981,11.4374,436.39995,14450,119,1
27164,11.4901,480.42605,13620,119,2
27331,11.5459,524.45235,24190,119,3
27552,11.6168,568.47843,31100,119,4
27767,11.704,612.50488,35220,119,5
28058,11.7971,656.53059,34860,119,6
28366,11.9301,700.5569,34310,119,7
28694,12.0668,744.58328,28270,119,8
12769,4.8272,435.28841,20470,118,1
12920,5.0397,479.31488,41480,118,2
13036,5.2301,523.341,52980,118,3
13146,5.4042,567.36725,50320,118,4
13232,5.5646,611.39375,45130,118,5
13334,5.7123,655.42009,24010,118,6
13254,5.6075,430.26487,13460,117,1
13423,5.8173,474.29107,130700,117,2
13633,6.0221,518.31731,404000,117,3
13821,6.2092,562.3435,758600,117,4
13969,6.3764,606.3697,1122000,117,5
14126,6.5303,650.3958,1234000,117,6
14244,6.6709,694.4219,1274000,117,7
14370,6.8015,738.44814,567300,117,8
14534,6.9227,782.47433,309900,117,9
14678,7.0385,826.5009,78800,117,10
14758,7.133,870.52679,17780,117,11
12474,4.4949,428.24922,19430,116,1
12674,4.7389,472.2755,92960,116,2
12848,4.9554,516.30171,237300,116,3
12992,5.151,560.3279,427900,116,4
13110,5.329,604.35411,552300,116,5
13194,5.4892,648.38017,662800,116,6
13276,5.6374,692.40634,578300,116,7
13393,5.776,736.43256,375800,116,8
13511,5.9074,780.45884,239000,116,9
13643,6.0298,824.48514,124000,116,10
13763,6.1431,868.51142,65400,116,11
13856,6.2491,912.53768,25360,116,12
13945,6.3546,956.56426,12570,116,13
20158,10.0984,427.30546,38150,115,1
21805,10.329,455.33674,64610,115,2
22983,10.5051,483.3682,155900,115,3
23965,10.6546,511.39972,80920,115,4
24651,10.7936,539.43088,22790,115,5
22052,10.3397,426.34413,24430,114,1
22771,10.4807,484.38457,10600,114,2
24085,10.664,542.42663,5763,114,3
25024,10.8536,600.46883,79660,114,4
25699,11.0443,658.51039,14480,114,5
12538,4.592,417.28901,29140,113,1
12753,4.8289,461.31528,83860,113,2
12903,5.0387,505.34143,126400,113,3
13038,5.2292,549.36775,122500,113,4
13142,5.4043,593.39386,86410,113,5
13233,5.5644,637.41998,42670,113,6
13330,5.713,681.44626,24950,113,7
19794,10.0391,412.32715,9461,112,1
20929,10.2841,426.34291,17660,112,2
22847,10.484,440.35844,31260,112,3
23701,10.6089,454.37388,49060,112,4
24302,10.7141,468.3896,1001000,112,5
19476,9.9817,410.29832,23150,111,1
20859,10.2071,438.32973,47520,111,2
22374,10.4137,466.36108,99040,111,3
23988,10.5827,494.39266,113700,111,4
24401,10.7398,522.42386,94510,111,5
12542,4.5942,409.1836,68370,110,1
12751,4.8274,453.2099,140800,110,2
12915,5.0387,497.23604,188200,110,3
13000,5.2303,541.26212,176500,110,4
13147,5.4056,585.28847,93800,110,5
13240,5.5656,629.31464,68780,110,6
13316,5.7126,673.34068,34300,110,7
12547,4.5937,390.25947,35310,109,1
12752,4.827,434.28582,153800,109,2
12911,5.0391,478.3122,313500,109,3
13043,5.2302,522.33858,392800,109,4
13138,5.4041,566.36485,363100,109,5
13236,5.5656,610.39113,289100,109,6
13320,5.7138,654.41739,169900,109,7
13452,5.8507,698.44372,67030,109,8
13582,5.9796,742.46987,27950,109,9
13353,5.7299,386.24274,39650,108,1
13464,5.8525,408.25583,62820,108,2
13569,5.9653,430.26889,79450,108,3
13681,6.0742,452.28209,65180,108,4
13786,6.1766,474.29517,59200,108,5
13865,6.2702,496.30823,42660,108,6
13949,6.3634,518.3214,27860,108,7
26898,11.4028,377.2874,16100,107,1
27593,11.5841,391.30303,11430,107,2
28204,11.8545,405.31865,13870,107,3
28743,12.1022,419.33434,12750,107,4
29470,12.4554,433.3499,6131,107,5
13274,5.636,377.23332,25740,106,1
13376,5.7693,399.2464,32310,106,2
13491,5.894,421.25962,36010,106,3
13629,6.0141,443.27274,33190,106,4
13726,6.1222,465.28593,28040,106,5
13847,6.2375,487.29904,22290,106,6
13352,5.7314,377.22721,43280,105,1
13443,5.8512,399.24012,53020,105,2
13575,5.9654,421.25331,43610,105,3
13675,6.0746,443.26666,34860,105,4
13782,6.1734,465.27984,24330,105,5
13260,5.6048,372.74292,39180,104,1
13358,5.7322,394.75598,105600,104,2
13465,5.8539,416.7691,191800,104,3
13578,5.9682,438.78218,259700,104,4
13682,6.0749,460.79538,248000,104,5
13789,6.1761,482.80844,247000,104,6
13869,6.2745,504.82157,189700,104,7
13952,6.364,526.83463,146000,104,8
14031,6.4494,548.84785,100200,104,9
14133,6.5358,570.86084,63620,104,10
14197,6.6122,592.87396,35010,104,11
12541,4.5946,372.23103,70350,103,1
12762,4.8294,416.2573,155400,103,2
12905,5.0387,460.28362,206200,103,3
13041,5.2297,504.30982,182500,103,4
13143,5.4051,548.33608,125000,103,5
13239,5.5656,592.36217,70650,103,6
13335,5.7155,636.38846,30660,103,7
24641,10.7929,369.22473,14030,102,1
25569,11.0362,385.2561,17070,102,2
26565,11.3176,401.28737,15610,102,3
27670,11.6722,417.3187,21130,102,4
28613,12.0462,433.35,8768,102,5
13262,5.6055,363.72788,58650,101,1
13360,5.7337,385.74097,122200,101,2
13460,5.8525,407.75406,184800,101,3
13574,5.9668,429.76719,209400,101,4
13679,6.0738,451.78037,165600,101,5
13792,6.1773,473.79349,123600,101,6
13868,6.2717,495.80656,83690,101,7
13951,6.3653,517.81959,52260,101,8
14029,6.4519,539.8328,33010,101,9
12318,4.3492,358.20732,78740,100,1
12586,4.615,402.23355,195400,100,2
12782,4.8514,446.2598,338000,100,3
12930,5.0632,490.286,354400,100,4
13063,5.2554,534.31222,231100,100,5
13154,5.4287,578.33841,143700,100,6
13248,5.5879,622.36461,64710,100,7
13361,5.7347,666.39065,25490,100,8
13286,5.641,356.22314,17850,99,1
13404,5.7808,378.23641,29490,99,2
13512,5.9093,400.24931,48660,99,3
13641,6.0298,422.26251,59250,99,4
13767,6.144,444.27557,56120,99,5
13857,6.2511,466.2889,46880,99,6
13933,6.3515,488.30184,26580,99,7
14037,6.4467,510.31499,19780,99,8
13282,5.6413,355.72195,64420,98,1
13399,5.7793,377.73507,161700,98,2
13514,5.9083,399.74817,216000,98,3
13644,6.0298,421.76128,237700,98,4
13768,6.1441,443.77439,202100,98,5
13854,6.2496,465.78752,165700,98,6
13934,6.3505,487.80061,111000,98,7
14025,6.4467,509.81369,72190,98,8
14131,6.537,531.82681,42130,98,9
14204,6.6241,553.83989,21060,98,10
19600,10.0152,355.26365,76440,97,1
21696,10.3137,401.30496,31690,97,2
23748,10.5799,447.34695,96820,97,3
25022,10.8458,493.38904,80870,97,4
25282,10.9557,539.43082,10430,97,5
27525,11.6087,355.07002,118500,96,1
28261,11.8891,429.08888,24350,96,2
29322,12.2844,503.10765,272600,96,3
30447,12.9119,577.1264,44140,96,4
32321,13.6831,651.14522,13920,96,5
15703,8.1327,353.24761,8542,95,1
16076,8.3601,371.25813,15350,95,2
16555,8.5837,389.2687,15550,95,3
16807,8.8115,407.27932,17160,95,4
17152,9.0165,425.2898,26780,95,5
17334,9.1201,443.30045,36290,95,6
15411,7.8519,353.24759,15020,94,1
15749,8.1299,371.25814,24000,94,2
16047,8.3368,389.26868,11410,94,3
16309,8.5081,407.27929,20910,94,4
16558,8.6672,425.28985,23920,94,5
16907,8.8399,443.30044,27660,94,6
13180,5.4759,350.22801,20530,93,1
13263,5.6063,372.24115,123100,93,2
13357,5.7323,394.25423,285800,93,3
13466,5.8546,416.26738,486600,93,4
13570,5.966,438.28043,623000,93,5
13680,6.0756,460.29364,565700,93,6
13788,6.1764,482.30672,511800,93,7
13867,6.2721,504.31987,375900,93,8
13950,6.3634,526.33295,310300,93,9
14030,6.4505,548.3461,191800,93,10
14130,6.5356,570.35923,122500,93,11
14199,6.6167,592.3723,70790,93,12
14260,6.6886,614.38531,32590,93,13
13283,5.6418,347.20865,32080,92,1
13401,5.7798,369.22173,61590,92,2
13510,5.9074,391.23493,74480,92,3
13642,6.0298,413.24794,66280,92,4
13764,6.1436,435.26109,48710,92,5
13853,6.2487,457.27439,30530,92,6
13935,6.3487,479.28734,17920,92,7
13281,5.6408,346.7069,96970,91,1
13402,5.7798,368.72003,183700,91,2
13516,5.9093,390.73315,206400,91,3
13639,6.0288,412.74626,180400,91,4
13765,6.143,434.75936,134900,91,5
13858,6.2501,456.77256,86050,91,6
13938,6.352,478.78562,44500,91,7
14021,6.4454,500.79864,25510,91,8
12298,4.3279,345.23138,31980,90,1
12544,4.5923,389.25763,330400,90,2
12760,4.8262,433.28391,1103000,90,3
12913,5.0379,477.31014,1920000,90,4
13048,5.2284,521.33639,2174000,90,5
13140,5.402,565.36255,1838000,90,6
13241,5.5661,609.38869,1390000,90,7
13326,5.7139,653.4149,746400,90,8
13450,5.8507,697.44109,325400,90,9
13587,5.9811,741.46727,115000,90,10
13696,6.1008,785.49365,54020,90,11
13830,6.2118,829.52,21300,90,12
17955,9.4226,339.26827,107500,89,1
18218,9.6027,357.27877,22470,89,2
18806,9.8305,375.28939,152100,89,3
20329,10.1433,393.29965,31490,89,4
22781,10.4859,411.31058,37280,89,5
13284,5.6408,338.19357,40230,88,1
13400,5.7793,360.20677,65080,88,2
13513,5.9079,382.21985,57140,88,3
13638,6.0293,404.23297,38380,88,4
13759,6.1412,426.24618,19820,88,5
15874,8.1977,337.2527,7642,87,1
16203,8.457,355.26317,62070,87,2
16873,8.8209,373.2738,17930,87,3
17573,9.2487,391.28437,20550,87,4
18510,9.7517,409.29498,22880,87,5
22691,10.4207,427.30553,42840,87,6
18897,9.8332,337.23506,60230,86,1
19999,10.0916,377.26778,57540,86,2
21498,10.292,417.30003,67730,86,3
22329,10.4187,457.33128,23340,86,4
22872,10.5094,497.36311,20890,86,5
13327,5.7139,336.22566,22040,85,1
13456,5.8517,358.23882,68380,85,2
13593,5.9796,380.2519,68220,85,3
13701,6.1008,402.26509,55260,85,4
13831,6.213,424.27823,47100,85,5
13920,6.3194,446.29135,28140,85,6
13989,6.4195,468.30547,24020,85,7
13336,5.7148,335.72445,130100,84,1
13453,5.8512,357.73758,351400,84,2
13584,5.9801,379.75069,291600,84,3
13695,6.0997,401.76382,244700,84,4
13833,6.2123,423.77692,175500,84,5
13916,6.3197,445.79004,118200,84,6
13995,6.4224,467.80316,72670,84,7
14108,6.5166,489.81629,45040,84,8
14196,6.6111,511.82938,20400,84,9
14287,6.6909,533.84245,11470,84,10
13322,5.7144,335.22271,409300,83,1
13454,5.8507,357.23582,1038000,83,2
13583,5.9787,379.24894,826200,83,3
13691,6.0988,401.26206,650700,83,4
13829,6.2129,423.2752,439200,83,5
13918,6.3195,445.28836,288900,83,6
13994,6.4197,467.30159,169900,83,7
14106,6.515,489.31455,94190,83,8
14191,6.6053,511.32767,49890,83,9
14275,6.6922,533.34074,19990,83,10
14342,6.7764,555.35386,11580,83,11
19122,9.8849,335.2193,632000,82,1
20567,10.1692,377.26726,117000,82,2
22497,10.403,419.31567,46520,82,3
23794,10.623,461.36275,88280,82,4
24435,10.7951,503.40981,27860,82,5
24407,10.7832,333.22479,13620,81,1
25252,10.9941,361.25604,8710,81,2
26313,11.2745,389.28743,11140,81,3
27228,11.5296,417.31868,10820,81,4
28334,11.9138,445.35016,10220,81,5
13202,5.4931,333.20706,26730,80,1
13285,5.6418,355.22021,218900,80,2
13403,5.7803,377.23335,446500,80,3
13515,5.9084,399.24643,564600,80,4
13647,6.0302,421.25956,596000,80,5
13766,6.1435,443.27267,481000,80,6
13855,6.2497,465.28581,372600,80,7
13936,6.3515,487.29889,254900,80,8
14023,6.4463,509.31201,164100,80,9
14134,6.539,531.32513,90230,80,10
14202,6.6256,553.33826,43680,80,11
14291,6.7071,575.3513,24540,80,12
19180,9.9529,330.30023,54950,79,1
20870,10.201,344.31606,36940,79,2
22314,10.4065,358.33164,27480,79,3
23930,10.5952,372.34734,144700,79,4
24325,10.7807,386.36294,24290,79,5
18906,9.908,330.26397,4853000,78,1
20032,10.1508,358.2949,658200,78,2
21900,10.3763,386.32663,135900,78,3
23521,10.5704,414.35784,8334,78,4
24451,10.7804,442.38918,5025,78,5
11936,4.0329,328.23309,24090,77,1
12297,4.3283,372.25937,36300,77,2
12539,4.5938,416.28558,165300,77,3
12755,4.8279,460.31183,404100,77,4
12914,5.0392,504.33804,538700,77,5
13045,5.2307,548.36427,468600,77,6
13145,5.4056,592.39042,285900,77,7
13231,5.5651,636.41661,158700,77,8
13323,5.7125,680.4428,85230,77,9
13463,5.8504,724.46893,32420,77,10
18993,9.863,327.26824,257500,76,1
20694,10.1449,357.2787,24950000,76,2
21253,10.2621,387.2894,7483,76,3
22039,10.3854,417.29925,35800,76,4
23070,10.5192,447.31052,13160,76,5
13318,5.7143,327.21115,65370,75,1
13446,5.8512,349.22431,157300,75,2
13586,5.9806,371.23739,106300,75,3
13694,6.1008,393.25054,80670,75,4
13834,6.214,415.26359,42800,75,5
13921,6.319,437.27673,27290,75,6
13321,5.7143,326.70942,244400,74,1
13447,5.8503,348.72255,454000,74,2
13588,5.9785,370.73569,310100,74,3
13700,6.1012,392.74879,217000,74,4
13835,6.2127,414.76195,123600,74,5
13917,6.3206,436.77502,73520,74,6
13993,6.4202,458.78823,33220,74,7
13331,5.7143,318.19615,126700,73,1
13444,5.8502,340.20926,184700,73,2
13594,5.9816,362.22239,96300,73,3
13698,6.1022,384.2355,47930,73,4
13837,6.2137,406.24869,18930,73,5
11937,4.0314,305.15725,18610,72,1
12296,4.3272,349.18337,20230,72,2
12540,4.5933,393.20963,110900,72,3
12761,4.8294,437.23586,265800,72,4
12912,5.0387,481.26206,356700,72,5
13044,5.2312,525.28831,312500,72,6
13141,5.4051,569.31453,195700,72,7
13230,5.5651,613.34076,119100,72,8
13324,5.7135,657.36683,53630,72,9
13467,5.8514,701.3931,23290,72,10
10083,3.1274,304.15038,35570,71,1
10720,3.4104,318.16605,59490,71,2
11576,3.7963,332.18167,16650,71,3
12267,4.3224,346.1974,56790,71,4
12875,4.9818,360.21306,43430,71,5
19931,10.0617,303.30872,790900,70,1
21094,10.2543,317.32445,29500,70,2
23482,10.5584,331.34008,3010000,70,3
25385,10.9677,345.35573,25710,70,4
27199,11.4812,359.37134,298000,70,5
19159,9.9414,302.3054,78020,69,1
20932,10.2221,316.3211,93890,69,2
22736,10.4646,330.33672,7981000,69,3
24159,10.6819,344.3524,151000,69,4
24678,10.8029,358.36801,2022000,69,5
18268,9.6231,302.26907,202200,68,1
18857,9.8399,316.28474,5373,68,2
19648,10.066,330.30029,64560,68,3
21726,10.2715,344.3159,51080,68,4
23406,10.4866,358.33115,30860,68,5
24863,10.8058,372.34741,129900,68,6
20036,10.1176,300.28974,402400,67,1
21272,10.288,314.30548,16330,67,2
23079,10.5119,328.3211,406700,67,3
24869,10.8138,342.33673,14810,67,4
26101,11.1418,356.3524,5285000,67,5
11935,4.0318,300.20181,80340,66,1
12293,4.3278,344.22803,246000,66,2
12536,4.5919,388.25426,1852000,66,3
12750,4.827,432.28043,5591000,66,4
12904,5.0374,476.30668,8627000,66,5
13042,5.228,520.3329,8815000,66,6
13139,5.4022,564.35908,6852000,66,7
13237,5.564,608.38533,4799000,66,8
13325,5.7141,652.4115,2342000,66,9
13455,5.8495,696.43766,923300,66,10
13589,5.9794,740.46387,339500,66,11
13693,6.0986,784.4902,151400,66,12
13832,6.2145,828.51648,67520,66,13
13919,6.3186,872.54274,25310,66,14
7491,2.2807,290.13474,156800,65,1
8251,2.5564,304.15042,41730,65,2
9070,2.7833,318.16611,61480,65,3
9848,3.0284,332.18173,15730,65,4
10291,3.1927,346.19742,102000,65,5
10569,3.2976,360.21309,57950,65,6
20062,10.0925,289.29306,41020,64,1
20579,10.211,303.30875,742900,64,2
21877,10.3318,317.32441,54300,64,3
22803,10.4744,331.34005,1799000,64,4
24111,10.6526,345.35571,25760,64,5
25230,10.9148,359.37137,447800,64,6
11933,4.031,283.17524,54640,63,1
12292,4.3278,327.20148,93520,63,2
12543,4.5923,371.2277,409600,63,3
12759,4.8262,415.25391,802500,63,4
12916,5.0396,459.28014,962800,63,5
13047,5.2307,503.30639,748000,63,6
13136,5.4036,547.33261,489200,63,7
13229,5.5651,591.3588,271300,63,8
13329,5.7138,635.38503,114800,63,9
13459,5.8513,679.41119,36110,63,10
22261,10.3153,279.23192,447100,62,1
22984,10.5547,293.24758,8579,62,2
24139,10.6722,307.26321,35130,62,3
24526,10.7712,321.27886,457200,62,4
24773,10.8224,335.29457,41120,62,5
17985,9.4302,274.27393,19570000,61,1
18463,9.7042,288.28981,12110,61,2
19930,10.0617,302.30538,4136000,61,3
23044,10.505,316.32105,332600,61,4
25257,10.9444,330.33675,125400,61,5
26924,11.4126,344.35239,205900,61,6
28205,11.8398,358.368,1311000,61,7
25823,11.1088,274.15907,4325,60,1
26280,11.22,288.17477,3760,60,2
26645,11.3391,302.19046,5820,60,3
27232,11.5075,316.20609,6042,60,4
27759,11.6776,330.22177,8180,60,5
28169,11.833,344.23734,2761,60,6
18296,9.645,272.25849,125900,59,1
18970,9.8351,300.28979,46760,59,2
19616,10.0653,328.32114,13400,59,3
22252,10.3892,356.35238,4251000,59,4
24930,10.857,384.38364,12310,59,5
3452,1.34,271.12891,65690,58,1
5167,1.6354,285.1446,26640,58,2
6862,2.0719,299.16021,23040,58,3
8522,2.6758,313.1759,18480,58,4
11116,3.5582,327.1916,15610,58,5
19202,9.9577,258.27923,6672,57,1
20514,10.1913,284.29488,232900,57,2
23080,10.4963,310.31054,146000,57,3
24645,10.7974,336.32609,86050,57,4
25766,11.0935,362.34183,4799,57,5
19988,10.0748,258.27917,551000,56,1
21685,10.3058,272.29484,25300,56,2
22894,10.4847,286.31051,1468000,56,3
24185,10.6713,300.32621,57540,56,4
24737,10.8005,314.3418,244000,56,5
18533,9.7454,258.24281,18650,55,1
19329,9.9288,272.2585,20670,55,2
20343,10.1729,286.27412,9780,55,3
22648,10.45,300.28976,422400,55,4
24644,10.7742,314.30546,11780,55,5
21979,10.3574,258.24279,22720,54,1
23729,10.6187,272.25845,81040,54,2
24955,10.8697,286.27406,110500,54,3
25776,11.0869,300.28977,3027,54,4
26471,11.2918,314.30546,8561,54,5
26778,11.3764,328.32109,130000,54,6
21193,10.2418,256.26355,21220,53,1
23101,10.5329,284.29479,53300,53,2
25220,10.9353,312.3261,762400,53,3
26746,11.3665,340.35748,8993,53,4
27985,11.775,368.38875,7352,53,5
19227,9.9666,254.24791,5176,52,1
20555,10.164,282.27917,630900,52,2
22587,10.4245,310.31051,116100,52,3
24744,10.8136,338.34184,153400,52,4
26204,11.239,366.37317,8360,52,5
23535,10.5711,254.24789,17980,51,1
25070,10.847,282.27921,28310,51,2
25555,11.0305,310.31049,52050,51,3
26110,11.191,338.34182,241000,51,4
26624,11.3404,366.37313,29470,51,5
10604,3.3131,253.11839,28530,50,1
10975,3.5186,267.13403,38890,50,2
11478,3.7418,281.14969,23670,50,3
11964,4.0643,295.16532,953900,50,4
12526,4.5673,309.181,60830,50,5
12952,5.1045,323.19668,19990,50,6
8884,2.7344,253.11838,31790,49,1
9770,2.9981,267.13404,47580,49,2
10522,3.2921,281.14972,66490,49,3
11406,3.6963,295.16533,119700,49,4
12048,4.1355,309.18099,14960,49,5
5522,1.6913,244.1292,140100,48,1
5761,1.7708,274.13985,23910,48,2
6214,1.8498,304.15041,88880,48,3
6223,1.8962,334.16101,14330,48,4
6187,1.9431,364.17166,81050,48,5
18397,9.6462,242.2479,10190,47,1
19196,9.9108,256.26354,9999,47,2
20044,10.0964,270.27916,58360,47,3
21659,10.2437,284.29487,252900,47,4
21978,10.3604,298.3105,53940,47,5
10298,3.2123,229.11836,13690,46,1
10868,3.5075,255.13403,101200,46,2
11824,3.9605,281.14969,20180,46,3
12459,4.4802,307.16534,59250,46,4
12889,5.0029,333.18104,10920,46,5
25237,10.9028,228.2322,14560,45,1
26140,11.1994,256.26352,17650,45,2
26747,11.3665,284.29484,175700,45,3
27132,11.474,312.32615,138600,45,4
27392,11.5641,340.35747,10810,45,5
3010,1.2901,226.07104,84610,44,1
4781,1.5646,240.08673,60300,44,2
6314,1.8553,254.10238,64170,44,3
7203,2.1674,268.11799,17030,44,4
8225,2.5415,282.13369,9649,44,5
7457,2.2546,224.09178,59370,43,1
8217,2.5459,238.10745,31620,43,2
9683,2.967,252.12313,32830,43,3
11122,3.5603,266.1388,53080,43,4
12444,4.4594,280.15444,19270,43,5
25520,11.0254,223.06367,79240,42,1
26394,11.2681,297.0825,13990,42,2
27248,11.5569,371.10134,54040,42,3
28242,11.8942,445.12024,10940,42,4
29120,12.2853,519.13897,156300,42,5
19189,9.8565,221.15363,84090,41,1
20419,10.1472,249.18489,250500,41,2
22114,10.3994,277.21623,2112000,41,3
22917,10.5343,305.24759,26680,41,4
24280,10.6344,333.27891,36050,41,5
9407,2.8815,213.08705,109300,40,1
10126,3.1336,227.1027,282100,40,2
10549,3.2904,241.11837,14920,40,3
10788,3.3904,255.13404,64790,40,4
10934,3.4669,269.14968,24750,40,5
8695,2.6837,210.11253,149100,39,1
9397,2.9295,222.11255,91700,39,2
10322,3.2074,234.11254,62830,39,3
11227,3.6212,246.11255,21870,39,4
12121,4.1688,258.11257,14410,39,5
2995,1.2878,208.11796,61340,38,1
4198,1.4563,220.118,22200,38,2
5392,1.6574,232.11797,1769000,38,3
6079,1.851,244.11801,481200,38,4
6933,2.0973,256.11796,102500,38,5
8855,2.7238,203.13905,54680,37,1
9728,2.9827,215.13906,1484000,37,2
10250,3.1814,227.13907,10480,37,3
10475,3.2878,239.13915,26010,37,4
10808,3.3998,251.13911,28630,37,5
19019,9.8635,201.16372,125600,36,1
20099,10.0552,259.20557,18110,36,2
21357,10.2799,317.24758,132400,36,3
22791,10.518,375.28928,16350,36,4
24421,10.7366,433.3313,50090,36,5
22838,10.4626,200.20089,60110,35,1
24087,10.6717,228.23221,179900,35,2
25387,11.0006,256.26352,257600,35,3
27151,11.4838,284.29483,64530,35,4
28548,12.0199,312.32613,20220,35,5
30022,12.724,340.35746,40310,35,6
2007,1.1825,200.10297,41390,34,1
3164,1.3047,230.11355,20760,34,2
4122,1.443,260.12416,168700,34,3
5285,1.6479,290.13474,1136000,34,4
6178,1.8774,320.1453,67420,34,5
7321,2.2291,200.09178,10550,33,1
7963,2.4632,226.10744,103000,33,2
8933,2.7579,252.12313,45980,33,3
10201,3.1603,278.13878,50410,33,4
11522,3.7788,304.15448,71460,33,5
8922,2.7732,198.07617,18840,32,1
9789,3.0059,212.09184,42960,32,2
10397,3.2548,226.10746,69730,32,3
11114,3.5563,240.12311,30590,32,4
11700,3.8624,254.13875,42920,32,5
3894,1.4169,198.07612,99120,31,1
5461,1.6784,212.09176,424900,31,2
6888,2.0276,226.10742,61130,31,3
8271,2.5773,240.1231,7454,31,4
10214,3.1672,254.13879,22800,31,5
11860,3.9829,268.15439,329500,31,6
7664,2.3582,194.08119,11500,30,1
8446,2.6463,208.0969,35210,30,2
9796,3.0122,222.11254,104200,30,3
10853,3.4219,236.1282,12960,30,4
11832,3.964,250.14382,556600,30,5
18891,9.8664,193.12228,15210,29,1
19676,10.0378,247.16934,15600,29,2
21058,10.2315,301.21627,44570,29,3
22634,10.4661,355.26358,39940,29,4
24269,10.7001,409.31038,12800,29,5
3547,1.3465,192.12304,28130,28,1
4740,1.4808,204.12307,76480,28,2
5348,1.6542,216.12305,211200,28,3
6174,1.8766,228.12306,31780,28,4
7216,2.1872,240.12309,40890,28,5
8159,2.5267,252.12311,32630,28,6
2771,1.205,188.09171,181000,27,1
4394,1.467,214.10743,108800,27,2
5797,1.8619,240.12306,35030,27,3
7790,2.4032,266.13877,42370,27,4
10313,3.1747,292.15442,20560,27,5
8844,2.7249,181.09716,15020,26,1
9650,2.9689,195.11285,16950,26,2
10391,3.2389,209.12851,18330,26,3
11109,3.5449,223.14418,11410,26,4
11788,3.9221,237.15981,40510,26,5
12249,4.2851,251.17547,21960,26,6
3383,1.3368,176.09175,1024000,25,1
4985,1.6007,188.09173,69610,25,2
6606,1.9699,200.09178,43010,25,3
7716,2.347,212.09184,9864,25,4
8822,2.721,224.0918,64180,25,5
2205,1.1923,176.09172,142000,24,1
3705,1.3879,188.09172,54430,24,2
5017,1.6062,200.09177,67220,24,3
6184,1.8617,212.0918,41880,24,4
7140,2.1617,224.09177,159300,24,5
2435,1.2415,174.07608,98160,23,1
3198,1.3079,204.08666,4510000,23,2
3928,1.3686,234.09725,87920,23,3
3978,1.4204,264.10785,76420,23,4
3929,1.4584,294.11846,36580,23,5
3092,1.2913,172.07165,45250,22,1
4797,1.5396,216.09792,93170,22,2
6564,1.9157,260.12416,29680,22,3
7778,2.3986,304.15041,93900,22,4
10087,3.1202,348.17667,154800,22,5
3126,1.2997,171.0764,27640,21,1
4817,1.5253,185.09207,42420,21,2
6015,1.8415,199.10774,33210,21,3
7227,2.1933,213.12339,283100,21,4
8587,2.6629,227.13909,16260,21,5
7415,2.2336,168.1019,9702,20,1
8139,2.5189,180.10191,467100,20,2
9095,2.8165,192.10193,19200,20,3
10055,3.1151,204.10195,258900,20,4
10947,3.4724,216.10195,125500,20,5
8431,2.6186,168.06554,34870,19,1
9559,2.834,182.08119,95180,19,2
10013,3.0504,196.09685,33470,19,3
10597,3.3097,210.11252,71770,19,4
11361,3.696,224.12817,68540,19,5
3300,1.319,168.0655,202700,18,1
5031,1.6091,182.08118,150200,18,2
6512,1.9649,196.09687,33340,18,3
7527,2.2961,210.1125,438700,18,4
8610,2.6635,224.12819,108600,18,5
10376,3.2263,238.14387,20330,18,6
1801,1.0698,165.05088,475200,17,1
2926,1.279,205.08187,413800,17,2
3774,1.412,245.11325,398800,17,3
4437,1.534,285.14455,29730,17,4
5389,1.6562,325.17585,32500,17,5
2800,1.2324,164.0917,146300,16,1
4509,1.5192,176.09172,88830,16,2
5491,1.7707,188.09174,191800,16,3
6279,1.9109,200.09177,61140,16,4
6533,1.9857,212.09181,216300,16,5
6695,2.0612,224.09181,25970,16,6
4521,1.5085,162.11247,317400,15,1
5787,1.7712,174.11249,53210,15,2
7138,2.1133,186.11248,24570,15,3
8497,2.6415,198.11252,13720,15,4
10174,3.1447,210.11252,497300,15,5
11484,3.7512,222.11252,12740,15,6
2479,1.2598,160.06036,61900,14,1
3459,1.3862,174.0761,71540,14,2
4550,1.515,188.09174,92130,14,3
5202,1.6425,202.1074,52420,14,4
6018,1.8335,216.12309,9974,14,5
2475,1.2251,149.08049,32020,13,1
3787,1.3816,176.09173,793200,13,2
5042,1.6106,203.10267,1180000,13,3
6236,1.8959,230.11357,176500,13,4
7425,2.253,257.12449,17490,13,5
8772,2.6944,284.1355,30250,13,6
8406,2.6205,144.06554,42010,12,1
9016,2.7703,170.08119,39000,12,2
9681,2.9674,196.09687,67310,12,3
10403,3.2375,222.11254,94490,12,4
11000,3.4878,248.12823,12880,12,5
2387,1.2069,134.04474,8539000,11,1
4137,1.4353,148.06044,41880,11,2
4726,1.551,162.07608,41150,11,3
5341,1.6497,176.09172,157600,11,4
5600,1.7248,190.10738,235900,11,5
3441,1.3437,130.08625,56660,10,1
5165,1.6327,172.09682,66840,10,2
6591,1.9971,214.10744,49690,10,3
8058,2.4956,256.11804,32360,10,4
10071,3.1996,298.12864,958100,10,5
1807,1.0675,124.02433,877900,9,1
2452,1.2106,164.05529,12210,9,2
3983,1.4098,204.08667,250600,9,3
5353,1.6547,244.11798,160100,9,4
6446,1.9596,284.14936,20880,9,5
2060,1.1709,122.08114,24330,8,1
4237,1.4587,134.08118,92230,8,2
6094,1.846,146.0812,12520,8,3
7697,2.3672,158.08118,114900,8,4
9558,2.9236,170.08119,8385,8,5
3966,1.3671,120.06548,81410,7,1
4898,1.5442,146.08123,11350,7,2
5581,1.7195,172.09683,53690,7,3
6077,1.8487,198.11253,18510,7,4
6098,1.9075,224.12818,167600,7,5
4715,1.5303,114.09133,75080,6,1
5719,1.7612,144.10194,262400,6,2
6181,1.8737,174.11248,59090,6,3
6493,1.9716,204.12308,15310,6,4
6715,2.0427,234.13367,44050,6,5
1844,1.0723,110.01214,62490,5,1
3397,1.33,139.03898,14480,5,2
5247,1.6455,168.0655,88520,5,3
6921,2.0913,197.09197,13790,5,4
8969,2.7583,226.11869,11320,5,5
2428,1.2213,104.07052,286100,4,1
3947,1.4255,118.08621,5925000,4,2
4771,1.5603,132.10189,11020000,4,3
5315,1.6509,146.11756,913500,4,4
5590,1.7229,160.13319,9995000,4,5
4711,1.5449,102.05489,39720,3,1
5070,1.6279,116.07057,531000,3,2
5712,1.7276,130.08626,60190,3,3
6198,1.8807,144.10191,47790,3,4
6962,2.1004,158.11757,22170,3,5
2572,1.2401,102.05488,2343000,2,1
4170,1.4507,144.06555,31200,2,2
5697,1.7855,186.07609,185400,2,3
7152,2.1537,228.08672,64170,2,4
8065,2.4981,270.09742,17990,2,5
1544,0.9902,101.05965,24140,1,1
2855,1.267,158.08119,67180,1,2
5148,1.639,215.10266,44730,1,3
6944,2.0988,272.12415,18380,1,4
8908,2.7401,329.14574,12250,1,5
